{
  "id": "dead-air",
  "title": "Dead Air: Seasons",
  "description": "The Dead Air Seasons system for FoundryVTT!",
  "authors": [
    {
      "name": "Alan Beven",
      "discord": "alanb"
    }
  ],
  "url": "Replace this with a link to your public repository",
  "license": "LICENSE.txt",
  "readme": "README.md",
  "bugs": "Replace this with a link to file issues or tickets",
  "changelog": "CHANGELOG.md",
  "media": [
    {
      "type": "setup",
      "url": "systems/dead-air/assets/dead-air-splash.jpg",
      "thumbnail": "systems/dead-air/assets/dead-air-splash.jpg"
    }
  ],
  "version": "0.0.1",
  "compatibility": {
    "minimum": 11,
    "verified": "11.315"
  },
  "esmodules": ["module/dead-air.mjs"],
  "styles": ["css/dead-air.css"],
  "languages": [
    {
      "lang": "en",
      "name": "English",
      "path": "lang/en.json"
    }
  ],
  "packs": [],
  "packFolders": [],
  "socket": false,
  "manifest": "Replace this with a link to the /latest release system.json so people can receive updates after they've installed the system",
  "download": "This must link to a .zip file of the current version",
  "background": "systems/dead-air/assets/dead-air-splash.jpg",
  "manifest": "https://github.com/abeven-sudo/dead-air/releases/download/0.1.0/system.json",
  "download": "https://github.com/abeven-sudo/dead-air/releases/download/0.1.0/dead-air.zip",
  "gridDistance": 5,
  "gridUnits": "ft",
  "primaryTokenAttribute": "",
  "secondaryTokenAttribute": ""
}
