{
  "Actor": {
    "types": ["character", "npc"],
    "templates": {
      "base": {
      }
    },
    "character": {
      "templates": ["base"], 
      "description": "",
      "archetypes": {
        "archetype1": "",
        "archetype2": ""
      },
      "archetypedata": {
         "Athlete": {
            "value": "Athlete"
          },
          "Criminal": {
            "value": "Criminal"
          },
          "Expert": {
            "value": "Expert"
          },
          "Explorer": {
            "value": "Explorer"
          },
          "Fighter": {
            "value": "Fighter"
          },
          "Leader": {
            "value": "Leader"
          },
          "Manipulator": {
            "value": "Manipulator"
          },
          "Savant": {
            "value": "Savant"
          },
          "Soldier": {
            "value": "Soldier (BNW)"
          },
          "Provectus": {
            "value": "Provectus (BNW)"
          },
          "Crimson Hunter": {
            "value": "Crimson Hunter (BNW)"
          },
          "Lone Wolf": {
            "value": "Lone Wolf (BNW)"
          },
          "Finder": {
            "value": "Finder (BNW)"
          }
      },
      "descriptors_gifts": {
        "yesterday": {
          "label": "Yesterday's World",
          "descriptor": "",
          "gift": ""
        },
        "atw": {
          "label": "Along The Way",
          "descriptor": "",
          "gift": ""
        },
        "today": {
          "label": "Today's World",
          "descriptor": "",
          "gift": ""
        },
        "tomorrow": {
          "label": "Tomorrow's World",
          "descriptor": "",
          "gift": ""
        }
      },
      "trackedresources": {
        "soma": {
          "label": "Soma",
          "base": 10,
          "value": 10
        },
        "pnr": {
          "label": "PNR",
          "base": 10,
          "value": 0
        },
        "experience": {
          "label": "XP",
          "value": 0
        },
        "advantagedice": 0,
        "disadvantagedice": 0
      },
      "attributes": {
        "Body": {
          "value": 1,
	        "min": 0,
	        "max": 6,
	        "label": "Body",
          "llabel": "body"
        },
        "Reaction": {
          "value": 1,
	        "min": 0,
	        "max": 6,
	        "label": "Reaction",
          "llabel": "reaction"
        },        
        "Mind": {
          "value": 1,
	        "min": 0,
	        "max": 6,
	        "label": "Mind",
          "llabel": "mind"
        },
        "Presence": {
          "value": 1,
	        "min": 0,
	        "max": 6,
	        "label": "Presence",
          "llabel": "presence"
        },
        "Determination": {
          "value": 1,
	        "min": 0,
	        "max": 6,
	        "label": "Determination",
          "llabel": "determination"
        }
      },
      "wounds": {
        "wound1": {
          "checked": "",
          "description": ""
        },
        "wound2": {
          "checked": "",
          "description": ""
        },
        "wound3": {
          "checked": "",
          "description": ""
        }
      },
      "scars": {
        "scar1": {
          "checked": "",
          "description": ""
        },
        "scar2": {
          "checked": "",
          "description": ""
        },
        "scar3": {
          "checked": "",
          "description": ""
        }
      },
      "iconics": {
        "iconic1": {
          "checked": "",
          "description": ""
        },
        "iconic2": {
          "checked": "",
          "description": ""
        },
        "iconic3": {
          "checked": "",
          "description": ""
        }
      },
      "preparation": {
        "Ready": {
          "label": "Ready",
          "max": 4,
          "value": 0
        },
        "Advanced": {
          "label": "Advanced",
          "max": 6,
          "value": 0
        },
        "Apocalyptic": {
          "label": "Apocalyptic",
          "max": 8,
          "value": 0
        }    
      }
    }
  },
    "npc": {
      "templates": ["base"],
      "cr": 0
    }
,
  "Item": {
    "types": ["item", "feature", "spell", "scar"],
    "templates": {
      "base": {
        "description": ""
      }
    },
    "item": {
      "templates": ["base"],
      "quantity": 1,
      "weight": 0,
      "formula": "d20 + @str.mod + ceil(@lvl / 2)"
    },
    "feature": {
      "templates": ["base"]
    },
    "scar": {
      "templates": [],
      "description": "",
      "effect": ""
    },
    "spell": {
      "templates": ["base"],
      "spellLevel": 1
    }
  }
}
